{"time_bin": {"0": 0.13772740260977237, "1": 0.2611585944919278, "2": 0.3235294117647059, "3": 0.2988505747126437, "4": 0.41379310344827586}, "traffic_type": {"1": 10.592686002522068, "2": 21.60949868073879, "3": 8.710976837865056, "4": 15.769230769230768, "5": 20.481927710843372, "6": 12.121212121212121, "7": 30.0, "8": 28.22822822822823, "9": 10.0, "10": 19.863013698630137, "11": 19.40928270042194, "12": 0.0, "13": 6.03085553997195, "14": 15.384615384615385, "15": 0.0, "18": 0.0, "16": 33.33333333333333, "17": 0.0, "19": 7.142857142857142, "20": 25.64102564102564}, "month": {"Feb": 1.6666666666666667, "Mar": 10.0, "May": 10.884983040394697, "Oct": 21.062618595825427, "June": 9.712230215827338, "Jul": 15.439429928741092, "Aug": 17.77251184834123, "Nov": 25.265320095857586, "Sep": 19.27437641723356, "Dec": 12.552552552552553}, "region": {"1": 16.099137931034484, "9": 16.463414634146343, "2": 16.605839416058394, "3": 14.518900343642613, "4": 14.956521739130435, "5": 16.883116883116884, "6": 14.175257731958762, "7": 15.519568151147098, "8": 12.949640287769784}, "visitor": {"Returning_Visitor": 14.1132224861441, "New_Visitor": 24.893487522824103, "Other": 20.0}}